payment_id,order_id,payment_date,payment_amount,payment_status
P00001,O00289,2026-07-20,28970.65,SUCCESS
P00002,O00042,2026-07-18,33224.87,FAILED
P00003,O00334,2026-04-25,26960.09,REFUNDED
P00004,O00317,2025-09-17,1544.86,FAILED
P00005,O00329,2026-03-09,17161.6,REFUNDED
P00006,O00153,2025-12-21,3017.57,SUCCESS
P00007,O00081,2025-12-28,14838.95,REFUNDED
P00008,O00105,2026-02-17,21429.78,FAILED
P00009,O00368,2026-02-28,25829.89,FAILED
P00010,O00205,2026-06-05,26742.94,SUCCESS
P00011,O00164,2026-04-09,16593.3,FAILED
P00012,O00231,2026-04-06,5360.28,SUCCESS
P00013,O00149,2026-01-26,30313.65,REFUNDED
P00014,O00128,2026-05-21,28564.99,FAILED
P00015,O00098,2026-05-21,17690.16,REFUNDED
P00016,O00256,2026-03-06,17659.27,SUCCESS
P00017,O00202,2025-11-25,16274.46,SUCCESS
P00018,O00111,2025-10-16,12674.88,SUCCESS
P00019,O00145,2025-11-30,21114.4,REFUNDED
P00020,O00147,2025-11-09,782.12,SUCCESS
P00021,O00221,2026-06-03,30944.72,FAILED
P00022,O00392,2026-01-16,13124.84,REFUNDED
P00023,O00027,2025-10-23,19882.68,FAILED
P00024,O00284,2026-03-16,3036.85,REFUNDED
P00025,O00392,2025-11-02,10150.36,SUCCESS
P00026,O00066,2026-06-22,14089.68,FAILED
P00027,O00286,2026-02-04,26546.3,SUCCESS
P00028,O00309,2025-11-23,14347.85,SUCCESS
P00029,O00024,2026-07-22,5227.75,FAILED
P00030,O00412,2025-12-11,18416.98,SUCCESS
P00031,O00311,2025-11-20,5322.44,FAILED
P00032,O00084,2026-01-21,34676.24,FAILED
P00033,O00304,2026-02-19,18002.37,REFUNDED
P00034,O00363,2025-10-26,10842.77,SUCCESS
P00035,O00189,2026-02-22,23746.32,REFUNDED
P00036,O00299,2026-03-06,27988.04,SUCCESS
P00037,O00306,2025-12-11,9660.8,SUCCESS
P00038,O00370,2026-07-15,20631.55,SUCCESS
P00039,O00269,2025-09-22,25380.81,REFUNDED
P00040,O00076,2025-08-27,8855.78,SUCCESS
P00041,O00098,2026-08-01,15715.83,REFUNDED
P00042,O00078,2026-01-11,24322.26,REFUNDED
P00043,O00257,2025-10-01,32257.97,SUCCESS
P00044,O00362,2026-06-01,18394.57,FAILED
P00045,O00340,2025-12-09,18628.96,FAILED
P00046,O00089,2025-12-18,31968.28,FAILED
P00047,O00280,2026-02-10,23817.47,FAILED
P00048,O00313,2025-12-06,7133.11,SUCCESS
P00049,O00143,2025-10-29,10798.22,FAILED
P00050,O00395,2026-03-16,24819.08,REFUNDED
P00051,O00163,2025-12-08,12533.71,FAILED
P00052,O00148,2026-06-09,20284.95,REFUNDED
P00053,O00203,2026-02-15,33434.01,SUCCESS
P00054,O00149,2026-07-20,10423.25,SUCCESS
P00055,O00178,2025-12-27,23131.04,REFUNDED
P00056,O00110,2026-04-29,29064.33,FAILED
P00057,O00288,2025-08-19,9870.94,SUCCESS
P00058,O00316,2025-10-14,8755.23,SUCCESS
P00059,O00343,2025-11-12,8285.67,SUCCESS
P00060,O00027,2026-06-20,14758.9,REFUNDED
P00061,O00052,2025-08-27,27091.43,SUCCESS
P00062,O00282,2026-05-22,14538.31,REFUNDED
P00063,O00245,2025-09-11,7381.23,FAILED
P00064,O00165,2026-03-17,22783.48,SUCCESS
P00065,O00334,2025-10-21,8511.6,SUCCESS
P00066,O00090,2026-01-09,30937.45,SUCCESS
P00067,O00019,2026-01-19,27684.64,SUCCESS
P00068,O00384,2026-03-15,30747.64,SUCCESS
P00069,O00153,2025-10-24,21296.01,FAILED
P00070,O00146,2025-12-21,34623.93,REFUNDED
P00071,O00069,2025-11-25,16646.72,SUCCESS
P00072,O00415,2026-06-14,11908.6,REFUNDED
P00073,O00332,2026-04-01,25291.64,SUCCESS
P00074,O00378,2026-02-19,27781.48,SUCCESS
P00075,O00090,2025-10-02,30037.05,REFUNDED
P00076,O00219,2025-11-20,11813.47,REFUNDED
P00077,O00343,2026-06-23,6874.95,SUCCESS
P00078,O00245,2026-02-26,32785.98,SUCCESS
P00079,O00134,2026-01-26,8625.48,FAILED
P00080,O00169,2026-03-09,20594.9,SUCCESS
P00081,O00134,2025-09-10,12904.55,SUCCESS
P00082,O00032,2025-09-03,4578.76,FAILED
P00083,O00082,2026-01-15,24169.54,FAILED
P00084,O00354,2026-06-11,22535.54,FAILED
P00085,O00189,2025-09-30,8119.3,SUCCESS
P00086,O00245,2026-05-24,16196.76,FAILED
P00087,O00213,2025-08-16,19448.59,REFUNDED
P00088,O00388,2025-11-08,28168.83,SUCCESS
P00089,O00391,2026-04-06,23971.8,SUCCESS
P00090,O00270,2025-12-25,18721.97,FAILED
P00091,O00040,2025-10-26,4371.2,SUCCESS
P00092,O00294,2025-11-09,5669.91,FAILED
P00093,O00267,2025-12-27,4510.28,SUCCESS
P00094,O00368,2025-10-16,17364.56,REFUNDED
P00095,O00415,2026-07-13,16143.41,REFUNDED
P00096,O00234,2025-10-26,2491.92,REFUNDED
P00097,O00345,2026-03-06,25453.16,REFUNDED
P00098,O00131,2026-08-09,26230.25,SUCCESS
P00099,O00024,2026-01-06,12386.25,SUCCESS
P00100,O00278,2026-07-11,32743.11,SUCCESS
P00101,O00242,2026-07-25,10404.63,SUCCESS
P00102,O00394,2026-06-02,26921.06,REFUNDED
P00103,O00192,2026-01-27,15974.53,REFUNDED
P00104,O00193,2026-06-30,24054.2,SUCCESS
P00105,O00335,2026-02-13,4592.84,REFUNDED
P00106,O00271,2026-06-06,25611.11,SUCCESS
P00107,O00002,2026-07-30,34257.93,REFUNDED
P00108,O00345,2025-11-05,15132.42,REFUNDED
P00109,O00118,2026-04-06,16391.57,SUCCESS
P00110,O00142,2026-05-06,32840.66,SUCCESS
P00111,O00017,2025-09-06,14963.8,SUCCESS
P00112,O00124,2026-04-27,2821.54,SUCCESS
P00113,O00229,2025-10-08,23684.82,SUCCESS
P00114,O00126,2026-07-19,14378.15,SUCCESS
P00115,O00277,2026-04-21,26526.31,SUCCESS
P00116,O00072,2025-11-26,34775.18,SUCCESS
P00117,O00418,2025-10-20,11502.18,FAILED
P00118,O00122,2026-03-09,30730.91,SUCCESS
P00119,O00212,2026-03-10,9992.81,SUCCESS
P00120,O00321,2025-08-28,15238.42,REFUNDED
P00121,O00025,2026-02-15,32984.73,REFUNDED
P00122,O00403,2025-11-15,11496.34,REFUNDED
P00123,O00210,2026-05-26,10846.15,SUCCESS
P00124,O00387,2025-11-08,16836.4,SUCCESS
P00125,O00154,2025-08-13,5480.14,REFUNDED
P00126,O00030,2025-10-27,14737.37,REFUNDED
P00127,O00286,2025-11-12,5126.2,SUCCESS
P00128,O00131,2026-04-28,11894.07,SUCCESS
P00129,O00231,2026-02-02,3690.01,SUCCESS
P00130,O00027,2026-03-26,13512.3,SUCCESS
P00131,O00038,2026-05-06,28260.45,SUCCESS
P00132,O00246,2026-04-26,30496.85,FAILED
P00133,O00156,2026-08-03,7807.37,SUCCESS
P00134,O00380,2026-06-11,26267.33,REFUNDED
P00135,O00125,2025-08-19,21351.85,SUCCESS
P00136,O00204,2026-04-10,19546.74,FAILED
P00137,O00195,2025-12-15,18910.93,FAILED
P00138,O00158,2026-03-30,12907.74,REFUNDED
P00139,O00239,2026-06-21,28197.17,REFUNDED
P00140,O00390,2026-02-28,32044.4,FAILED
P00141,O00161,2026-01-11,2077.18,SUCCESS
P00142,O00380,2026-05-28,1059.59,REFUNDED
P00143,O00152,2026-05-24,7268.62,SUCCESS
P00144,O00195,2025-10-23,29251.01,REFUNDED
P00145,O00282,2025-09-09,33049.53,FAILED
P00146,O00132,2025-12-03,33844.54,REFUNDED
P00147,O00236,2026-05-16,25780.64,FAILED
P00148,O00087,2026-05-31,25350.82,REFUNDED
P00149,O00095,2025-11-06,34666.16,SUCCESS
P00150,O00269,2026-07-24,29447.86,SUCCESS
P00151,O00419,2025-09-02,2173.75,SUCCESS
P00152,O00212,2026-06-01,29567.79,SUCCESS
P00153,O00035,2025-08-13,5710.52,SUCCESS
P00154,O00259,2025-12-20,13375.42,REFUNDED
P00155,O00338,2025-12-04,1042.75,REFUNDED
P00156,O00007,2026-08-02,18764.91,FAILED
P00157,O00275,2026-03-17,1091.42,REFUNDED
P00158,O00413,2026-05-11,4192.07,SUCCESS
P00159,O00269,2026-05-26,8813.42,FAILED
P00160,O00418,2026-02-10,9722.7,REFUNDED
P00161,O00041,2026-01-31,33595.77,REFUNDED
P00162,O00290,2026-04-08,34663.04,SUCCESS
P00163,O00154,2025-08-25,29068.14,SUCCESS
P00164,O00335,2025-09-12,26705.71,SUCCESS
P00165,O00208,2026-01-28,13512.35,REFUNDED
P00166,O00029,2025-09-18,826.03,SUCCESS
P00167,O00043,2025-11-28,29663.88,FAILED
P00168,O00290,2026-06-23,31370.3,SUCCESS
P00169,O00118,2026-04-24,31593.92,REFUNDED
P00170,O00139,2026-07-18,32383.49,FAILED
P00171,O00279,2025-10-26,23204.77,SUCCESS
P00172,O00162,2026-08-02,33670.69,SUCCESS
P00173,O00386,2025-08-11,28821.13,SUCCESS
P00174,O00154,2026-05-19,19956.56,REFUNDED
P00175,O00347,2025-11-07,11944.68,SUCCESS
P00176,O00405,2025-08-23,25483.64,FAILED
P00177,O00028,2026-06-21,15579.54,SUCCESS
P00178,O00175,2025-10-05,27030.7,REFUNDED
P00179,O00397,2026-02-24,1522.09,FAILED
P00180,O00402,2025-12-23,17425.82,FAILED
P00181,O00284,2026-01-30,15398.75,REFUNDED
P00182,O00044,2025-09-28,10690.59,SUCCESS
P00183,O00366,2026-07-04,3330.31,SUCCESS
P00184,O00195,2025-08-11,27544.21,SUCCESS
P00185,O00379,2026-01-23,11425.4,SUCCESS
P00186,O00047,2026-08-08,33032.13,REFUNDED
P00187,O00185,2026-03-25,4026.98,SUCCESS
P00188,O00096,2026-01-02,15985.11,REFUNDED
P00189,O00053,2026-07-28,3591.85,SUCCESS
P00190,O00306,2025-10-08,27563.14,REFUNDED
P00191,O00007,2026-03-14,14776.45,SUCCESS
P00192,O00372,2025-10-28,31729.66,SUCCESS
P00193,O00293,2025-11-17,6350.61,REFUNDED
P00194,O00087,2026-05-31,9777.7,FAILED
P00195,O00253,2026-05-28,2682.72,REFUNDED
P00196,O00142,2026-01-07,10841.45,SUCCESS
P00197,O00185,2026-04-04,33075.67,REFUNDED
P00198,O00305,2025-09-29,7246.41,SUCCESS
P00199,O00070,2026-03-08,733.47,REFUNDED
P00200,O00171,2025-09-27,13606.2,FAILED
P00201,O00226,2026-02-20,15356.26,SUCCESS
P00202,O00154,2026-02-27,21310.79,SUCCESS
P00203,O00246,2026-03-03,6628.49,REFUNDED
P00204,O00164,2026-03-14,25853.17,REFUNDED
P00205,O00295,2026-04-08,11743.08,FAILED
P00206,O00419,2026-01-21,13093.04,SUCCESS
P00207,O00304,2025-11-04,6707.49,SUCCESS
P00208,O00373,2025-12-17,33032.63,SUCCESS
P00209,O00225,2026-03-14,29179.22,SUCCESS
P00210,O00420,2026-01-13,23717.73,SUCCESS
P00211,O00325,2026-03-08,8849.73,SUCCESS
P00212,O00367,2026-01-06,27723.15,SUCCESS
P00213,O00230,2025-10-08,17033.6,REFUNDED
P00214,O00274,2025-11-24,32360.6,REFUNDED
P00215,O00279,2026-07-23,27779.87,FAILED
P00216,O00360,2025-11-09,20986.79,SUCCESS
P00217,O00056,2026-04-05,23187.26,FAILED
P00218,O00086,2025-09-13,21637.39,REFUNDED
P00219,O00386,2026-02-22,33817.23,REFUNDED
P00220,O00055,2026-08-05,3901.93,SUCCESS
P00221,O00262,2025-11-18,19750.77,SUCCESS
P00222,O00229,2026-01-31,13994.13,SUCCESS
P00223,O00177,2026-07-29,17155.6,FAILED
P00224,O00213,2026-06-28,4504.39,SUCCESS
P00225,O00179,2026-03-04,12335.8,SUCCESS
P00226,O00267,2025-12-06,12516.36,SUCCESS
P00227,O00225,2025-08-19,16109.43,SUCCESS
P00228,O00154,2026-07-19,28451.41,SUCCESS
P00229,O00012,2026-02-16,22854.96,SUCCESS
P00230,O00380,2026-04-08,18301.79,SUCCESS
P00231,O00170,2025-10-28,15209.74,REFUNDED
P00232,O00119,2026-01-15,22226.73,SUCCESS
P00233,O00328,2025-09-08,15408.64,SUCCESS
P00234,O00378,2025-09-30,30966.86,REFUNDED
P00235,O00304,2026-01-03,13914.83,SUCCESS
P00236,O00106,2026-03-21,26455.23,SUCCESS
P00237,O00296,2026-06-19,28082.83,SUCCESS
P00238,O00188,2026-02-25,7299.06,SUCCESS
P00239,O00135,2025-09-01,30260.96,FAILED
P00240,O00306,2026-01-24,21590.14,SUCCESS
P00241,O00179,2026-02-11,29670.36,SUCCESS
P00242,O00417,2025-08-31,24856.6,FAILED
P00243,O00315,2025-10-12,3423.94,SUCCESS
P00244,O00161,2026-06-11,8730.76,SUCCESS
P00245,O00094,2026-01-31,24423.56,REFUNDED
P00246,O00215,2025-10-09,5256.42,REFUNDED
P00247,O00217,2026-05-07,17290.12,SUCCESS
P00248,O00285,2026-05-17,17392.65,SUCCESS
P00249,O00096,2026-03-02,29548.49,SUCCESS
P00250,O00184,2026-08-06,17219.01,SUCCESS
P00251,O00418,2026-01-26,33752.1,REFUNDED
P00252,O00210,2025-08-25,17464.54,REFUNDED
P00253,O00251,2026-05-17,3352.14,SUCCESS
P00254,O00408,2026-04-20,10577.1,FAILED
P00255,O00116,2025-11-08,10459.13,REFUNDED
P00256,O00290,2025-11-30,19465.55,SUCCESS
P00257,O00294,2026-06-13,9742.17,FAILED
P00258,O00278,2026-07-20,26720.14,REFUNDED
P00259,O00280,2026-04-21,34647.26,SUCCESS
P00260,O00377,2025-09-10,26421.42,FAILED
P00261,O00017,2025-12-23,9567.13,SUCCESS
P00262,O00225,2026-06-11,27259.29,SUCCESS
P00263,O00108,2025-10-13,24275.11,REFUNDED
P00264,O00085,2025-09-29,5303.61,SUCCESS
P00265,O00417,2026-04-27,28287.7,FAILED
P00266,O00273,2026-03-20,21091.59,SUCCESS
P00267,O00166,2025-08-15,10595.9,FAILED
P00268,O00264,2025-08-28,28623.74,SUCCESS
P00269,O00385,2026-01-12,32197.52,FAILED
P00270,O00336,2026-06-07,24699.22,SUCCESS
P00271,O00128,2026-05-28,25043.12,SUCCESS
P00272,O00390,2025-08-29,14048.18,SUCCESS
P00273,O00296,2025-09-21,9770.74,REFUNDED
P00274,O00193,2025-12-22,3105.31,SUCCESS
P00275,O00207,2025-11-20,26368.18,FAILED
P00276,O00233,2025-12-04,11791.48,SUCCESS
P00277,O00397,2026-06-24,25717.15,REFUNDED
P00278,O00326,2025-09-04,24556.47,SUCCESS
P00279,O00408,2025-11-10,14221.2,REFUNDED
P00280,O00109,2025-11-30,9764.52,FAILED
P00281,O00173,2025-11-03,20438.71,REFUNDED
P00282,O00404,2026-02-16,31348.34,SUCCESS
P00283,O00024,2026-06-21,22103.19,REFUNDED
P00284,O00009,2026-06-08,32565.43,SUCCESS
P00285,O00226,2025-12-20,523.32,REFUNDED
P00286,O00104,2025-08-23,31874.55,FAILED
P00287,O00082,2026-03-23,3720.23,FAILED
P00288,O00129,2026-06-29,13328.61,SUCCESS
P00289,O00027,2026-01-20,22083.35,SUCCESS
P00290,O00220,2025-09-09,3646.37,SUCCESS
P00291,O00001,2026-04-23,16949.83,SUCCESS
P00292,O00304,2026-04-17,18420.83,REFUNDED
P00293,O00005,2026-08-06,24498.1,SUCCESS
P00294,O00217,2025-08-20,5060.04,SUCCESS
P00295,O00118,2026-01-26,3581.92,SUCCESS
P00296,O00053,2026-03-03,13180.88,FAILED
P00297,O00071,2026-01-27,27184.39,SUCCESS
P00298,O00329,2025-08-29,5428.43,SUCCESS
P00299,O00313,2025-09-12,6162.02,FAILED
P00300,O00370,2026-04-23,22168.76,SUCCESS
P00301,O00211,2025-09-29,24186.53,SUCCESS
P00302,O00045,2026-06-20,5330.45,SUCCESS
P00303,O00302,2026-01-26,12627.98,REFUNDED
P00304,O00162,2026-05-31,9048.63,SUCCESS
P00305,O00128,2025-10-31,21234.47,FAILED
P00306,O00399,2025-08-22,1425.44,FAILED
P00307,O00106,2025-11-18,21438.98,SUCCESS
P00308,O00383,2026-01-22,10696.2,SUCCESS
P00309,O00402,2026-04-10,17573.63,SUCCESS
P00310,O00124,2025-11-28,22513.84,SUCCESS
P00311,O00271,2026-08-04,34547.45,FAILED
P00312,O00068,2026-01-24,30198.08,REFUNDED
P00313,O00188,2025-11-04,24061.5,REFUNDED
P00314,O00395,2026-07-04,1075.78,SUCCESS
P00315,O00008,2026-03-29,7943.13,SUCCESS
P00316,O00405,2026-01-19,17978.07,REFUNDED
P00317,O00217,2025-08-16,14378.57,SUCCESS
P00318,O00143,2026-06-29,11191.79,SUCCESS
P00319,O00414,2026-05-23,19005.46,REFUNDED
P00320,O00301,2025-09-20,26831.23,SUCCESS
P00321,O00159,2025-08-18,15593.27,SUCCESS
P00322,O00030,2026-04-07,3474.34,REFUNDED
P00323,O00060,2025-12-21,21624.24,SUCCESS
P00324,O00159,2025-09-03,26088.43,SUCCESS
P00325,O00062,2026-08-04,24922.57,SUCCESS
P00326,O00084,2025-11-29,33379.06,FAILED
P00327,O00086,2026-02-01,4879.11,FAILED
P00328,O00376,2026-06-11,27114.35,SUCCESS
P00329,O00172,2026-01-03,9883.33,SUCCESS
P00330,O00135,2025-08-11,34139.25,SUCCESS
P00331,O00255,2025-12-20,18121.97,SUCCESS
P00332,O00256,2025-10-24,6257.41,SUCCESS
P00333,O00131,2026-06-19,31352.26,SUCCESS
P00334,O00117,2025-11-23,588.61,SUCCESS
P00335,O00126,2026-07-18,16775.88,REFUNDED
P00336,O00077,2026-05-11,32625.02,SUCCESS
P00337,O00284,2025-08-10,26052.97,REFUNDED
P00338,O00115,2026-02-27,9065.08,FAILED
P00339,O00139,2026-07-02,20217.99,SUCCESS
P00340,O00258,2025-08-31,31616.96,SUCCESS
P00341,O00115,2025-11-19,34358.78,REFUNDED
P00342,O00036,2025-12-15,30378.11,FAILED
P00343,O00168,2026-06-27,19581.65,SUCCESS
P00344,O00189,2026-04-30,10560.03,FAILED
P00345,O00379,2025-09-26,8869.15,FAILED
P00346,O00303,2025-12-01,34923.66,SUCCESS
P00347,O00376,2025-11-04,26736.64,SUCCESS
P00348,O00078,2026-08-07,32667.71,SUCCESS
P00349,O00120,2025-11-06,12451.62,SUCCESS
P00350,O00172,2026-08-10,26683.06,REFUNDED
P00351,O00378,2026-03-06,4086.24,SUCCESS
P00352,O00215,2025-12-02,33660.88,SUCCESS
P00353,O00365,2026-03-20,3709.42,SUCCESS
P00354,O00267,2026-01-11,24679.22,FAILED
P00355,O00235,2026-06-28,20536.59,SUCCESS
P00356,O00327,2026-01-21,3081.65,SUCCESS
P00357,O00223,2025-09-05,33765.53,SUCCESS
P00358,O00150,2026-03-30,29856.52,REFUNDED
P00359,O00359,2026-02-24,11472.99,FAILED
P00360,O00120,2026-07-03,33052.64,SUCCESS
P00361,O00400,2025-10-15,4259.56,SUCCESS
P00362,O00085,2025-12-23,16578.9,REFUNDED
P00363,O00062,2025-11-09,12860.92,SUCCESS
P00364,O00232,2026-03-06,16485.46,SUCCESS
P00365,O00047,2026-05-22,28362.09,FAILED
P00366,O00361,2025-08-19,21313.94,SUCCESS
P00367,O00168,2026-05-27,3646.85,SUCCESS
P00368,O00183,2026-01-20,18214.36,FAILED
P00369,O00134,2026-05-13,1572.33,REFUNDED
P00370,O00232,2025-10-30,26308.71,SUCCESS
P00371,O00049,2025-12-17,4015.8,SUCCESS
P00372,O00063,2026-08-04,2627.59,SUCCESS
P00373,O00067,2026-05-01,28916.73,FAILED
P00374,O00352,2025-09-22,32846.33,SUCCESS
P00375,O00299,2025-10-14,9429.31,SUCCESS
P00376,O00012,2026-07-08,7322.39,REFUNDED
P00377,O00415,2026-06-06,3673.26,FAILED
P00378,O00063,2026-07-20,33008.68,SUCCESS
P00379,O00087,2025-10-21,15443.9,REFUNDED
P00380,O00255,2026-07-26,13704.17,REFUNDED
P00381,O00089,2026-02-10,7907.71,SUCCESS
P00382,O00141,2026-03-20,15887.39,SUCCESS
P00383,O00018,2025-09-30,21861.59,SUCCESS
P00384,O00332,2026-03-12,17711.76,REFUNDED
P00385,O00032,2026-06-27,10152.27,SUCCESS
P00386,O00215,2026-04-30,22671.51,SUCCESS
P00387,O00323,2025-11-05,27922.2,REFUNDED
P00388,O00401,2025-08-10,12889.37,REFUNDED
P00389,O00177,2025-10-25,17832.57,REFUNDED
P00390,O00139,2026-05-10,1399.17,SUCCESS
P00391,O00016,2026-03-20,2521.4,REFUNDED
P00392,O00272,2026-02-08,26956.05,SUCCESS
P00393,O00082,2026-06-20,9051.07,SUCCESS
P00394,O00137,2025-11-10,28661.84,SUCCESS
P00395,O00392,2026-04-20,20361.38,REFUNDED
P00396,O00182,2026-05-14,6575.46,FAILED
P00397,O00413,2025-08-18,12878.02,SUCCESS
P00398,O00361,2025-08-17,12633.03,SUCCESS
P00399,O00289,2026-05-06,29366.04,REFUNDED
P00400,O00278,2026-03-05,6556.71,SUCCESS
P00401,O00047,2026-07-13,8525.51,SUCCESS
P00402,O00011,2025-11-14,16990.62,FAILED
P00403,O00315,2026-04-29,28322.37,FAILED
P00404,O00368,2026-05-12,32197.94,FAILED
P00405,O00031,2026-07-30,5596.06,SUCCESS
P00406,O00397,2026-06-15,29703.59,FAILED
P00407,O00038,2026-01-31,24806.56,REFUNDED
P00408,O00301,2026-06-20,12111.36,FAILED
P00409,O00070,2026-05-22,25766.14,REFUNDED
P00410,O00406,2025-09-17,33642.84,FAILED
P00411,O00090,2025-08-13,33921.63,FAILED
P00412,O00115,2025-09-04,20818.78,SUCCESS
P00413,O00194,2026-03-06,25822.83,FAILED
P00414,O00066,2026-05-12,25644.67,REFUNDED
P00415,O00395,2025-10-24,1617.2,FAILED
P00416,O00415,2025-10-01,8120.89,SUCCESS
P00417,O00255,2026-05-30,11925.31,SUCCESS
P00418,O00122,2026-02-14,34392.1,SUCCESS
P00419,O00326,2026-06-26,28847.33,FAILED
P00420,O00229,2026-08-05,9649.83,SUCCESS
P00421,O00355,2026-07-07,12591.6,SUCCESS
P00422,O00369,2026-08-10,2161.09,REFUNDED
P00423,O00376,2026-01-08,33934.01,REFUNDED
P00424,O00253,2026-01-29,12617.48,REFUNDED
P00425,O00052,2025-12-08,27711.18,SUCCESS
P00426,O00084,2025-12-22,3042.97,SUCCESS
P00427,O00151,2026-07-31,11495.73,SUCCESS
P00428,O00038,2026-02-16,6368.63,REFUNDED
P00429,O00083,2026-07-03,19373.1,SUCCESS
P00430,O00174,2025-10-10,34492.03,REFUNDED
P00431,O00361,2026-07-26,15380.66,SUCCESS
P00432,O00311,2025-12-31,5920.08,SUCCESS
P00433,O00170,2026-04-27,34116.75,REFUNDED
P00434,O00357,2025-10-31,25410.31,FAILED
P00435,O00339,2026-03-19,10760.32,SUCCESS
P00436,O00026,2026-01-21,20226.06,REFUNDED
P00437,O00079,2026-07-14,12948.6,REFUNDED
P00438,O00045,2026-03-13,28924.46,REFUNDED
P00439,O00103,2026-06-22,1387.88,SUCCESS
P00440,O00327,2026-03-14,34208.49,REFUNDED
